datetime,open,high,low,close,volume
2018-01-01,13880.0,13941.75,12801.38,13443.41,7688.0306846
2018-01-02,13394.2,15257.53,12910.58,14678.94,16299.66930279
2018-01-03,14670.96,15500.0,14546.28,15155.62,12275.00119668
2018-01-04,15155.62,15430.27,14192.37,15143.67,15004.01859256
2018-01-05,15143.67,17200.0,14810.0,16928.0,16248.91467956
2018-01-06,16927.99,17234.99,16220.0,17149.67,9501.01675546
2018-01-07,17142.43,17149.97,15707.16,16124.02,8632.81384337
2018-01-08,16173.98,16300.0,13900.0,14999.99,16676.34994239
2018-01-09,14999.99,15367.18,14123.97,14403.51,13913.52469368
2018-01-10,14403.51,14900.0,13412.0,14890.02,18479.01253046
2018-01-11,14899.99,14973.07,12800.0,13243.83,19630.07517112
2018-01-12,13249.99,14152.19,12807.27,13781.41,13433.08481363
2018-01-13,13829.28,14619.1,13789.42,14197.78,7488.98701847
2018-01-14,14197.78,14365.81,13072.22,13647.99,7588.63558972
2018-01-15,13647.99,14394.36,13429.25,13607.04,9444.63530824
2018-01-16,13581.66,13607.04,10162.0,11386.34,38789.88308789
2018-01-17,11393.97,11794.07,9222.0,11191.35,41356.1897379
2018-01-18,11199.0,12146.0,10693.0,11247.57,22195.26202056
2018-01-19,11290.9,12050.39,11025.18,11552.0,13203.25567513
2018-01-20,11560.82,13052.12,11515.94,12775.99,10324.05733414
2018-01-21,12782.99,12791.88,11100.0,11558.87,11596.44128787
2018-01-22,11558.87,11910.78,10028.41,10808.99,17067.72925582
2018-01-23,10810.0,11409.87,9927.54,10851.82,17250.17614645
2018-01-24,10848.99,11500.0,10488.13,11400.96,11646.79059794
2018-01-25,11400.98,11741.82,10868.57,11155.54,10212.92183381
2018-01-26,11140.01,11635.0,10263.32,11092.95,15074.66641243
2018-01-27,11093.74,11630.47,10815.84,11446.54,10309.80746248
2018-01-28,11446.54,11989.15,11360.52,11685.58,9956.09249576
2018-01-29,11685.58,11820.01,10991.0,11162.62,9996.35689848
2018-01-30,11162.62,11222.36,9731.2,9971.0,21082.19252764
2018-01-31,9971.0,10324.0,9514.96,10149.0,12743.50947059
2018-02-01,10148.99,10187.56,8455.0,8998.99,26356.58883931
2018-02-02,9010.87,9096.79,7625.25,8838.83,44406.01982931
2018-02-03,8838.29,9491.2,8170.71,9225.86,16208.37411342
2018-02-04,9225.31,9350.09,7825.0,8191.0,19110.67246079
2018-02-05,8190.78,8335.56,6600.0,6874.27,46544.42880431
2018-02-06,6878.65,8150.0,5920.72,7737.37,70961.36965826
2018-02-07,7737.26,8649.0,7213.8,7588.01,32640.89253754
2018-02-08,7588.01,8644.36,7565.5,8259.76,22746.39118112
2018-02-09,8259.42,8779.62,7753.32,8693.98,18418.11709042
2018-02-10,8693.98,9090.8,8170.86,8560.0,14670.55870203
2018-02-11,8560.0,8560.0,7820.0,8067.0,12711.7858457
2018-02-12,8077.25,8995.0,8067.0,8899.0,15071.04029684
2018-02-13,8891.2,8951.89,8360.13,8522.99,11374.52415254
2018-02-14,8504.57,9515.0,8504.57,9490.98,17468.73886593
2018-02-15,9490.98,10234.0,9350.0,10018.0,21036.3373175
2018-02-16,10011.3,10300.0,9707.51,10196.0,11857.64277513
2018-02-17,10203.14,11135.83,10053.5,11101.0,14511.16913676
2018-02-18,11101.0,11300.0,10153.15,10421.06,17623.07943135
2018-02-19,10433.68,11262.48,10307.51,11173.0,11698.25622611
2018-02-20,11159.12,11780.0,11080.37,11233.41,15880.9090398
2018-02-21,11233.42,11275.74,10256.0,10449.4,19959.67715652
2018-02-22,10446.79,10935.0,9731.2,9843.34,20204.69095384
2018-02-23,9843.33,10405.3,9600.0,10166.1,16044.03930333
2018-02-24,10135.2,10540.63,9373.48,9689.99,13972.71472351
2018-02-25,9688.26,9883.41,9260.0,9590.04,11037.17695269
2018-02-26,9595.99,10461.97,9376.34,10324.7,16156.80505618
2018-02-27,10329.99,10850.0,10150.0,10566.3,10408.47993775
2018-02-28,10572.49,11064.75,10255.07,10314.9,10490.74905816
2018-03-01,10314.99,11090.0,10223.41,10903.13,9481.66514611
2018-03-02,10917.37,11175.0,10774.01,11029.99,8329.09790086
2018-03-03,11032.81,11503.24,11022.85,11445.0,7786.26753951
2018-03-04,11445.0,11511.0,11054.91,11463.27,6831.63070279
2018-03-05,11479.68,11688.0,11383.66,11419.24,9933.67623336
2018-03-06,11417.39,11420.01,10560.19,10723.76,14734.41949313
2018-03-07,10723.01,10911.78,9450.0,9913.03,26116.51184803
2018-03-08,9904.52,10150.0,9078.95,9285.32,22522.42746991
2018-03-09,9293.06,9420.39,8366.0,9230.0,29014.16684454
2018-03-10,9228.83,9514.96,8697.0,8791.47,12886.58857926
2018-03-11,8795.04,9768.37,8450.0,9535.04,16407.54237557
2018-03-12,9535.04,9892.0,8742.07,9120.75,18751.02057959
2018-03-13,9115.24,9482.79,8830.0,9142.32,16001.47534639
2018-03-14,9152.07,9356.14,7948.0,8196.69,21191.0231358
2018-03-15,8195.99,8425.0,7682.0,8265.05,18387.61138793
2018-03-16,8265.05,8613.06,7914.08,8258.54,16498.62433531
2018-03-17,8258.54,8356.4,7730.23,7860.83,12048.6688914
2018-03-18,7860.83,8324.92,7325.37,8188.24,19547.36114711
2018-03-19,8205.55,8718.74,8114.17,8596.93,19396.08835883
2018-03-20,8596.79,9051.0,8313.01,8904.02,13454.8222604
2018-03-21,8904.02,9188.1,8754.83,8893.79,12100.99713332
2018-03-22,8892.18,9099.59,8503.52,8704.67,12587.63392229
2018-03-23,8708.52,8920.79,8265.0,8920.79,13749.78486097
2018-03-24,8917.99,9020.0,8505.0,8547.0,9731.98236841
2018-03-25,8541.96,8680.0,8368.63,8453.9,9155.91214778
2018-03-26,8451.12,8500.0,7831.15,8149.66,17693.4153393
2018-03-27,8152.26,8211.62,7742.11,7791.7,12385.25028422
2018-03-28,7791.69,8104.98,7723.03,7932.41,8437.64467971
2018-03-29,7932.41,7968.0,6914.53,7088.38,22138.11413228
2018-03-30,7086.14,7302.35,6550.0,6850.0,29101.44802706
2018-03-31,6839.63,7231.73,6794.26,6928.62,11579.59705718
2018-04-01,6926.5,7045.71,6427.16,6813.52,18046.94087395
2018-04-02,6816.31,7106.5,6759.96,7052.76,13624.16035566
2018-04-03,7052.75,7506.84,7001.28,7416.27,16089.54162903
2018-04-04,7415.53,7430.0,6710.38,6799.95,15779.20246661
2018-04-05,6799.37,6928.7,6578.95,6771.69,11894.53597807
2018-04-06,6771.3,6850.0,6510.0,6618.33,8478.41806897
2018-04-07,6627.7,7069.13,6600.99,6904.9,7683.0416526
2018-04-08,6904.21,7104.52,6894.8,7027.26,4352.69794202
2018-04-09,7027.26,7175.83,6611.49,6780.1,10103.91621615
2018-04-10,6782.39,6900.0,6653.21,6835.67,6480.19276418
2018-04-11,6824.75,6984.92,6809.26,6940.94,5825.41064556
2018-04-12,6940.94,8069.34,6758.45,7923.78,19033.3803344
2018-04-13,7923.78,8239.33,7753.32,7896.92,19605.94275077
2018-04-14,7885.9,8232.14,7835.0,8000.41,8935.53071477
2018-04-15,8003.39,8417.0,8001.23,8354.22,7542.84081564
2018-04-16,8353.43,8424.99,7905.0,8048.15,10866.60295749
2018-04-17,8054.68,8160.85,7806.81,7890.87,9277.15121538
2018-04-18,7890.87,8235.0,7870.35,8172.84,9227.20459808
2018-04-19,8172.83,8297.99,8074.44,8271.31,9436.84632763
2018-04-20,8273.0,8934.0,8216.9,8861.0,16059.62267134
2018-04-21,8865.78,9023.4,8608.0,8920.71,15336.30792743
2018-04-22,8924.93,9036.52,8760.0,8789.96,9346.45175925
2018-04-23,8781.7,9006.39,8771.22,8946.95,10286.1177149
2018-04-24,8942.0,9737.16,8930.0,9648.0,20460.50898304
2018-04-25,9648.36,9755.53,8751.0,8864.99,33035.90404482
2018-04-26,8855.07,9326.79,8647.29,9274.48,20042.96970211
2018-04-27,9277.32,9387.82,8901.09,8921.43,11375.51437547
2018-04-28,8916.54,9442.34,8854.47,9345.11,15558.40230193
2018-04-29,9352.97,9538.75,9180.0,9393.99,10940.71803063
2018-04-30,9396.32,9443.96,9111.0,9242.17,8085.68829456
2018-05-01,9243.51,9249.99,8815.91,9066.9,12138.2639605
2018-05-02,9066.9,9259.16,8975.23,9222.0,10575.17497792
2018-05-03,9220.0,9799.99,9165.19,9732.43,11670.79957863
2018-05-04,9737.0,9784.73,9527.38,9696.57,7326.05207111
2018-05-05,9689.0,9948.98,9670.68,9823.28,7403.10502352
2018-05-06,9827.04,9918.41,9375.0,9623.54,8155.5768566
2018-05-07,9621.99,9634.5,9175.0,9359.52,13616.3485933
2018-05-08,9356.79,9450.0,9015.0,9167.69,11418.31053651
2018-05-09,9181.52,9368.79,8974.62,9308.49,11368.83432539
2018-05-10,9308.49,9393.0,8987.74,9020.99,11764.9775057
2018-05-11,9007.19,9018.38,8351.0,8411.42,20383.92660992
2018-05-12,8408.79,8652.8,8208.81,8481.6,15464.92940302
2018-05-13,8481.72,8775.9,8335.56,8696.58,9835.22450915
2018-05-14,8696.54,8900.9,8286.57,8674.36,18861.93709627
2018-05-15,8674.53,8865.0,8400.0,8474.99,12391.83198691
2018-05-16,8481.99,8505.33,8100.01,8346.59,12705.12321984
2018-05-17,8337.77,8500.0,7980.0,8067.03,8259.12452442
2018-05-18,8058.16,8275.1,7929.53,8248.87,7181.20388348
2018-05-19,8248.99,8395.0,8141.08,8231.2,3784.07576637
2018-05-20,8225.55,8590.0,8170.71,8518.48,5314.99889979
2018-05-21,8518.64,8589.1,8320.0,8391.76,6126.97105348
2018-05-22,8403.23,8417.65,7951.41,7984.08,9101.06078693
2018-05-23,7983.98,8032.01,7435.49,7502.89,17635.90129337
2018-05-24,7509.99,7733.99,7267.24,7586.88,11648.36524358
2018-05-25,7579.3,7661.07,7328.13,7471.18,10088.84331121
2018-05-26,7459.21,7622.87,7276.04,7335.99,4043.55765023
2018-05-27,7335.99,7412.57,7213.09,7347.39,3144.45110906
2018-05-28,7348.64,7445.0,7084.99,7112.5,6583.63252959
2018-05-29,7112.2,7537.0,7026.9,7469.45,11049.92099287
2018-05-30,7469.45,7559.0,7273.89,7375.73,8940.4540053
2018-05-31,7375.64,7601.23,7330.22,7492.28,7339.00726931
2018-06-01,7492.28,7620.01,7348.45,7511.6,6762.6275727
2018-06-02,7511.72,7700.0,7438.92,7642.0,4012.16875521
2018-06-03,7642.0,7790.69,7581.03,7703.67,4729.21008365
2018-06-04,7712.97,7764.44,7449.68,7488.26,6990.5513527
2018-06-05,7494.99,7685.0,7360.0,7617.98,9968.45508961
2018-06-06,7617.98,7695.46,7482.61,7658.57,7058.05577232
2018-06-07,7658.99,7750.0,7618.99,7689.28,7545.00925066
2018-06-08,7676.41,7697.0,7542.0,7618.11,4676.55832777
2018-06-09,7618.11,7686.45,7468.31,7492.7,2713.78104511
2018-06-10,7498.0,7498.0,6627.7,6781.17,14392.69540615
2018-06-11,6781.17,6919.97,6634.86,6880.61,11409.52423218
2018-06-12,6880.76,6880.76,6461.42,6557.67,8827.5994997
2018-06-13,6557.66,6624.45,6120.0,6307.4,19190.50457858
2018-06-14,6308.49,6708.1,6270.69,6646.1,14185.83821156
2018-06-15,6638.8,6666.66,6370.0,6390.6,7132.20678871
2018-06-16,6390.6,6557.81,6333.63,6487.92,3553.69972603
2018-06-17,6487.92,6575.35,6429.23,6453.41,2828.75680848
2018-06-18,6451.03,6793.0,6381.25,6707.5,5940.1743975
2018-06-19,6711.3,6841.81,6660.21,6736.52,5443.67979628
2018-06-20,6728.44,6809.26,6558.95,6756.58,5193.76884592
2018-06-21,6756.6,6792.2,6677.85,6718.33,4837.32442832
2018-06-22,6718.33,6737.97,5940.0,6050.45,18544.14405465
2018-06-23,6055.17,6261.0,6048.54,6177.38,4585.87147205
2018-06-24,6169.91,6255.05,5780.0,6153.4,11423.59392896
2018-06-25,6153.6,6365.34,6075.01,6253.61,9689.68930701
2018-06-26,6252.28,6277.0,6025.68,6068.0,7751.62208792
2018-06-27,6073.99,6181.11,5985.0,6135.64,7446.86155074
2018-06-28,6135.64,6165.49,5818.14,5848.33,8878.39857291
2018-06-29,5845.2,6299.0,5774.72,6204.24,12067.37316767
2018-06-30,6204.01,6510.0,6190.28,6385.71,6915.08887702
2018-07-01,6385.75,6438.55,6259.34,6349.99,4160.70556721
2018-07-02,6345.48,6667.57,6270.69,6612.98,8799.80247408
2018-07-03,6605.46,6666.0,6464.39,6507.99,5924.86541706
2018-07-04,6507.99,6792.28,6413.2,6584.25,6706.7340062
2018-07-05,6575.62,6700.0,6445.31,6533.69,7692.21577694
2018-07-06,6533.69,6636.15,6449.76,6596.53,5457.67218749
2018-07-07,6604.74,6820.0,6510.0,6759.99,4842.79587112
2018-07-08,6755.46,6783.54,6674.6,6706.6,5145.84575684
2018-07-09,6706.6,6814.72,6620.0,6666.75,7165.21723333
2018-07-10,6666.75,6683.9,6270.84,6299.46,9163.01977492
2018-07-11,6304.45,6400.0,6285.0,6380.0,6370.13680136
2018-07-12,6379.13,6380.0,6072.0,6243.88,7792.46685782
2018-07-13,6243.53,6337.25,6121.01,6215.59,5901.29571452
2018-07-14,6208.78,6317.84,6180.0,6243.98,2584.7339623
2018-07-15,6245.99,6397.21,6227.76,6349.3,3556.29310719
2018-07-16,6353.25,6755.0,6333.63,6721.04,9404.05647649
2018-07-17,6721.21,7468.31,6657.95,7310.71,12703.29651293
2018-07-18,7310.71,7599.98,7239.15,7374.88,13347.87637571
2018-07-19,7384.92,7570.9,7278.84,7471.42,8803.25309749
2018-07-20,7474.35,7696.88,7265.0,7330.84,9379.17143244
2018-07-21,7330.84,7458.0,7212.0,7409.92,4049.81022253
2018-07-22,7398.16,7581.03,7336.15,7396.6,5107.9788128
2018-07-23,7393.5,7800.0,7369.86,7719.62,12572.45317131
2018-07-24,7712.46,8496.96,7691.14,8403.83,18707.41156484
2018-07-25,8394.48,8475.0,8049.22,8174.06,10348.06857767
2018-07-26,8174.06,8314.23,7855.97,7926.0,8091.87166049
2018-07-27,7926.0,8274.98,7798.48,8183.05,8701.76587806
2018-07-28,8177.72,8259.0,8051.43,8237.74,2765.6804906
2018-07-29,8231.07,8299.99,8109.74,8216.74,3980.2794076
2018-07-30,8216.74,8295.0,7853.01,8160.21,11785.89207823
2018-07-31,8162.28,8162.37,7633.67,7725.43,11994.08614156
2018-08-01,7726.85,7761.56,7440.0,7602.01,11406.76843741
2018-08-02,7600.22,7709.98,7455.0,7536.37,5262.23613199
2018-08-03,7535.0,7542.92,7286.41,7416.98,9585.77930917
2018-08-04,7416.98,7494.48,6926.0,7009.99,6831.75139028
2018-08-05,7009.94,7086.8,6888.88,7032.61,6039.1351446
2018-08-06,7028.89,7157.93,6835.06,6936.11,7317.64296455
2018-08-07,6932.18,7155.0,6671.0,6717.68,10039.39296375
2018-08-08,6717.67,6717.68,6121.0,6283.59,14668.56802221
2018-08-09,6283.89,6627.0,6190.01,6543.76,9484.88670496
2018-08-10,6544.98,6584.05,5995.75,6139.99,14096.00988894
2018-08-11,6139.99,6494.13,6000.0,6239.98,6818.37504816
2018-08-12,6240.49,6493.77,6163.44,6310.82,7169.89323056
2018-08-13,6311.99,6544.37,6142.2,6252.63,8896.68083746
2018-08-14,6252.63,6254.02,5880.0,6193.62,14235.27018218
2018-08-15,6194.3,6628.5,6186.02,6272.3,12501.11334781
2018-08-16,6273.34,6477.57,6208.37,6313.51,7099.2611636
2018-08-17,6314.08,6584.49,6290.64,6580.15,6635.58158998
2018-08-18,6578.13,6615.0,6303.0,6399.28,3496.80232127
2018-08-19,6397.37,6545.0,6312.0,6481.99,3138.71131829
2018-08-20,6481.63,6522.99,6223.9,6260.82,6254.82080784
2018-08-21,6260.83,6513.28,6246.05,6479.27,5655.04172504
2018-08-22,6478.99,6906.81,6250.0,6355.76,11955.65069577
2018-08-23,6355.97,6575.99,6344.8,6525.01,4028.43387247
2018-08-24,6525.99,6721.09,6445.32,6692.94,6374.54257854
2018-08-25,6692.99,6800.0,6664.25,6732.4,4980.64928331
2018-08-26,6732.99,6775.34,6558.95,6700.46,3475.7202496
2018-08-27,6700.13,6944.47,6641.35,6904.51,5863.68824836
2018-08-28,6911.7,7125.28,6861.17,7080.94,8222.24765235
2018-08-29,7079.46,7124.06,6890.0,7032.96,5730.97892652
2018-08-30,7034.47,7055.97,6792.85,6984.01,6875.26197217
2018-08-31,6984.34,7101.03,6879.0,7017.35,5790.38050638
2018-09-01,7015.78,7300.18,7015.22,7185.01,4590.45724112
2018-09-02,7195.8,7334.5,7130.63,7290.31,3297.68658519
2018-09-03,7291.94,7340.08,7184.0,7258.99,2829.87707292
2018-09-04,7261.29,7411.85,7231.0,7361.0,4531.14780379
2018-09-05,7353.48,7387.0,6650.0,6679.3,12408.79698551
2018-09-06,6671.95,6705.59,6253.29,6493.09,14674.0236716
2018-09-07,6488.01,6525.0,6322.0,6400.0,6541.96747088
2018-09-08,6401.01,6465.46,6113.23,6178.31,4284.19484304
2018-09-09,6178.31,6451.51,6094.38,6236.04,4104.31379555
2018-09-10,6238.99,6351.13,6223.9,6301.99,5371.72530672
2018-09-11,6303.99,6405.0,6162.06,6279.99,7076.79725968
2018-09-12,6274.6,6350.0,6192.89,6322.45,4282.15960066
2018-09-13,6326.83,6537.46,6324.37,6485.7,6985.34747474
2018-09-14,6482.95,6587.0,6384.36,6476.51,4598.02098322
2018-09-15,6476.51,6570.1,6466.74,6520.15,1328.81956289
2018-09-16,6521.49,6524.84,6349.47,6499.98,1098.62806031
2018-09-17,6499.28,6530.24,6200.0,6254.52,4386.88772482
2018-09-18,6251.49,6390.0,6226.63,6332.34,4196.47314808
2018-09-19,6330.0,6510.0,6100.0,6388.4,7232.08338006
2018-09-20,6388.4,6535.11,6333.63,6492.98,5177.64510387
2018-09-21,6492.98,6775.34,6483.83,6749.45,8569.98587321
2018-09-22,6748.85,6826.28,6624.79,6710.01,5491.80951385
2018-09-23,6710.01,6774.91,6659.0,6702.22,3248.80491931
2018-09-24,6703.37,6721.68,6550.96,6581.52,4030.72562001
2018-09-25,6578.7,6579.59,6324.96,6428.99,8206.61700477
2018-09-26,6428.09,6540.0,6379.44,6461.51,4295.92674134
2018-09-27,6454.32,6736.85,6431.95,6681.62,5664.85211251
2018-09-28,6684.5,6792.28,6525.67,6610.76,7642.04936428
2018-09-29,6609.02,6609.02,6454.0,6579.38,3382.01592212
2018-09-30,6574.29,6628.06,6510.0,6597.81,2482.69507513
2018-10-01,6597.79,6638.15,6477.57,6571.2,4796.040132
2018-10-02,6569.32,6597.0,6447.28,6500.0,4116.13342419
2018-10-03,6500.0,6510.0,6396.34,6456.77,4774.76328174
2018-10-04,6454.81,6604.89,6450.58,6547.56,3832.70048916
2018-10-05,6548.83,6641.35,6510.0,6582.12,3807.26928181
2018-10-06,6582.11,6595.69,6526.28,6544.08,2022.78075908
2018-10-07,6547.93,6600.0,6493.92,6577.63,2455.65659087
2018-10-08,6574.15,6656.63,6541.06,6604.75,4079.04424933
2018-10-09,6604.76,6623.14,6553.13,6588.8,2254.95026959
2018-10-10,6588.72,6589.79,6387.91,6517.55,5177.06675956
2018-10-11,6517.55,6520.43,6055.28,6152.76,9616.23958351
2018-10-12,6152.76,6243.79,6109.79,6185.15,3246.3815572
2018-10-13,6182.03,6219.77,6168.83,6199.69,1954.04680593
2018-10-14,6201.23,6349.47,6143.08,6183.0,2525.73820085
2018-10-15,6185.04,6756.0,6149.28,6441.74,16895.88930388
2018-10-16,6438.2,6493.77,6386.4,6461.2,4703.09390629
2018-10-17,6457.67,6465.39,6407.69,6437.29,2961.26337446
2018-10-18,6440.07,6490.0,6350.0,6396.18,3823.16928503
2018-10-19,6394.23,6412.4,6355.99,6383.46,2290.0590117
2018-10-20,6380.47,6424.16,6363.02,6412.86,1261.97849549
2018-10-21,6412.86,6470.0,6401.01,6413.38,1541.01151749
2018-10-22,6412.62,6429.23,6372.53,6406.06,2407.5354618
2018-10-23,6409.39,6421.58,6354.26,6393.41,2851.00556658
2018-10-24,6396.24,6473.0,6393.0,6411.96,3535.33808825
2018-10-25,6411.96,6422.73,6361.73,6393.53,3046.60380599
2018-10-26,6393.38,6450.3,6377.81,6406.1,3323.82631782
2018-10-27,6406.1,6420.01,6381.25,6407.66,890.1271569
2018-10-28,6407.66,6420.0,6383.0,6405.57,839.29766473
2018-10-29,6404.27,6420.0,6208.37,6266.52,5190.82201499
2018-10-30,6266.47,6289.0,6240.0,6269.46,2523.57742936
2018-10-31,6269.45,6350.0,6199.25,6303.27,5148.08262352
2018-11-01,6304.5,6365.33,6288.01,6340.99,2190.97047686
2018-11-02,6343.85,6381.25,6328.33,6350.43,2678.06948097
2018-11-03,6350.05,6351.74,6312.48,6335.0,1084.13861953
2018-11-04,6333.59,6475.0,6310.57,6421.76,2673.81391399
2018-11-05,6428.23,6441.43,6369.89,6403.2,2335.48865475
2018-11-06,6404.97,6460.01,6378.24,6447.5,4270.33460011
2018-11-07,6448.17,6544.0,6442.47,6501.0,4800.82491273
2018-11-08,6501.0,6511.27,6388.88,6405.49,3966.97303181
2018-11-09,6405.49,6418.18,6307.0,6325.0,3218.12902607
2018-11-10,6325.0,6377.26,6323.0,6349.32,1523.39384996
2018-11-11,6349.39,6365.0,6269.46,6357.54,1718.26855567
2018-11-12,6352.57,6388.21,6298.5,6318.0,3526.03903239
2018-11-13,6318.01,6328.36,6244.35,6260.91,3630.56272124
2018-11-14,6255.86,6298.47,5324.0,5595.91,25121.93301356
2018-11-15,5592.23,5641.0,5199.8,5585.0,19945.90828161
2018-11-16,5571.12,5610.0,5411.74,5508.71,8074.6055758
2018-11-17,5514.62,5550.66,5452.63,5503.36,2732.79162871
2018-11-18,5503.36,5658.47,5500.0,5559.26,2576.4553201
2018-11-19,5553.01,5559.69,4694.44,4735.44,28910.66553331
2018-11-20,4732.92,4897.36,4048.58,4352.0,39775.38943928
2018-11-21,4349.41,4635.0,4242.33,4538.01,20678.25000596
2018-11-22,4551.47,4589.53,4194.98,4275.23,10258.46172893
2018-11-23,4268.4,4364.46,4061.02,4288.26,13322.77736822
2018-11-24,4288.25,4376.88,3638.48,3785.65,14236.74417437
2018-11-25,3780.67,4120.0,3474.73,3938.89,26969.94763424
2018-11-26,3934.22,4069.59,3522.28,3727.34,24357.88293934
2018-11-27,3727.34,3834.35,3548.76,3771.01,16814.00296565
2018-11-28,3771.01,4355.08,3771.0,4220.16,22983.71348838
2018-11-29,4219.77,4409.77,4086.97,4249.8,15944.01262628
2018-11-30,4250.0,4300.0,3861.0,3971.06,14364.62144791
2018-12-01,3970.56,4264.47,3904.34,4140.39,6412.23253743
2018-12-02,4140.4,4265.0,4030.0,4102.05,7019.16205825
2018-12-03,4099.63,4115.15,3747.0,3834.34,10726.6773046
2018-12-04,3830.81,4033.98,3730.0,3903.52,12249.9368879
2018-12-05,3903.52,3913.62,3662.35,3696.69,13443.22072621
2018-12-06,3694.03,3844.79,3415.22,3437.26,15480.96697218
2018-12-07,3437.22,3531.0,3210.0,3380.68,26513.2316249
2018-12-08,3376.27,3495.99,3241.0,3398.8,10176.34927433
2018-12-09,3398.8,3633.2,3371.09,3529.75,8011.02295177
2018-12-10,3528.68,3588.43,3355.0,3408.0,10375.26877055
2018-12-11,3406.41,3427.27,3292.65,3353.42,8951.71070828
2018-12-12,3345.01,3490.0,3325.7,3430.18,7284.10378196
2018-12-13,3430.2,3441.13,3221.14,3262.73,11715.01908312
2018-12-14,3263.55,3294.81,3135.55,3195.75,14437.50526664
2018-12-15,3194.04,3230.0,3122.28,3179.54,5814.86853241
2018-12-16,3180.84,3259.43,3178.23,3193.78,6033.50714633
2018-12-17,3191.41,3590.0,3181.26,3496.73,16389.79444903
2018-12-18,3499.37,3684.0,3422.77,3667.16,13792.36427592
2018-12-19,3667.16,3924.01,3642.69,3684.5,21125.61437541
2018-12-20,3684.03,4172.07,3656.75,4073.77,25986.85291601
2018-12-21,4073.58,4162.0,3770.0,3841.08,16967.23460506
2018-12-22,3842.59,4010.16,3780.09,3980.9,7697.59815203
2018-12-23,3977.65,4051.0,3900.0,3943.83,4609.89261726
2018-12-24,3947.82,4236.84,3944.84,4036.0,12017.91713092
2018-12-25,4034.54,4049.23,3674.73,3779.99,11801.43441841
2018-12-26,3780.0,3863.34,3678.8,3810.01,10064.18282348
2018-12-27,3810.01,3841.17,3566.0,3591.69,11850.0123819
2018-12-28,3590.26,3970.0,3575.0,3884.97,13055.71840689
2018-12-29,3884.66,3961.85,3702.51,3725.48,6901.3823318
2018-12-30,3728.96,3870.0,3688.76,3835.79,5736.45370818
2018-12-31,3831.03,3842.89,3630.0,3693.3,6667.16373743
2019-01-01,3693.85,3845.46,3629.66,3823.44,5149.60627729
2019-01-02,3825.41,3918.67,3770.0,3885.87,5534.46951453
2019-01-03,3890.27,3893.4,3760.0,3787.81,4803.2461092
2019-01-04,3785.64,3850.33,3732.38,3817.71,7452.05894356
2019-01-05,3822.0,3887.09,3780.0,3791.84,3656.37531439
2019-01-06,3795.38,4090.0,3753.0,4040.71,5400.71486407
2019-01-07,4040.71,4070.0,3964.01,4005.45,7445.09600426
2019-01-08,4005.0,4112.0,3934.73,3994.9,11819.98676966
2019-01-09,3994.75,4060.0,3948.44,4002.13,7390.13399203
2019-01-10,4003.09,4036.22,3503.44,3627.51,16118.42088248
2019-01-11,3627.65,3704.6,3569.85,3632.02,10571.08164263
2019-01-12,3631.0,3650.35,3557.09,3617.13,3184.35219414
2019-01-13,3617.75,3654.02,3476.0,3515.95,5908.52280454
2019-01-14,3517.03,3714.0,3506.0,3664.28,9925.99072165
2019-01-15,3664.28,3687.02,3534.68,3576.93,8059.8173777
2019-01-16,3576.92,3669.0,3570.48,3605.91,7675.06606371
2019-01-17,3609.5,3660.0,3534.25,3638.01,7499.52552971
2019-01-18,3638.01,3641.9,3577.0,3609.21,5023.5102908
2019-01-19,3609.29,3774.0,3602.6,3681.0,4080.88346413
2019-01-20,3680.0,3703.27,3470.0,3536.72,5591.01583422
2019-01-21,3537.42,3573.29,3485.58,3531.51,5821.89983137
2019-01-22,3531.51,3615.8,3401.36,3576.81,6877.0636755
2019-01-23,3574.44,3620.23,3518.0,3552.32,6170.84267224
2019-01-24,3553.2,3598.0,3524.0,3570.73,4488.01463801
2019-01-25,3570.67,3578.79,3511.0,3560.0,4961.79512299
2019-01-26,3560.94,3657.89,3536.51,3555.56,2697.88387935
2019-01-27,3555.31,3564.12,3456.0,3533.23,3852.6596409
2019-01-28,3532.23,3536.77,3357.3,3429.5,10345.1009104
2019-01-29,3431.43,3438.76,3322.19,3390.5,7284.38686266
2019-01-30,3391.25,3465.05,3372.34,3437.35,5704.02340186
2019-01-31,3438.0,3474.2,3392.6,3413.11,5951.8181698
2019-02-01,3413.69,3460.0,3364.53,3434.83,6659.84752495
2019-02-02,3434.83,3485.0,3406.38,3462.82,3051.95860768
2019-02-03,3470.5,3476.33,3384.67,3414.82,2813.89222442
2019-02-04,3413.75,3439.46,3394.85,3410.87,3244.08497898
2019-02-05,3409.81,3435.0,3396.0,3431.39,4045.62530164
2019-02-06,3431.81,3445.6,3328.7,3364.62,6137.40639817
2019-02-07,3364.0,3383.29,3350.0,3359.33,4293.5558141
2019-02-08,3358.39,3711.04,3337.91,3622.94,14388.64754224
2019-02-09,3626.12,3639.74,3589.52,3622.62,4054.50461695
2019-02-10,3622.74,3662.43,3576.16,3650.37,4155.50568273
2019-02-11,3651.32,3652.56,3578.7,3588.7,7931.40887407
2019-02-12,3588.99,3619.93,3548.28,3585.94,10074.81670532
2019-02-13,3585.7,3629.81,3541.0,3574.93,7992.74321134
2019-02-14,3575.01,3590.74,3531.01,3560.46,5910.24312876
2019-02-15,3560.45,3620.53,3544.88,3566.29,6234.76805726
2019-02-16,3566.29,3609.0,3561.96,3579.92,3442.47630393
2019-02-17,3580.43,3663.34,3553.98,3625.6,5012.46127538
2019-02-18,3625.6,3916.47,3614.82,3869.8,15567.08485429
2019-02-19,3870.97,4000.0,3840.08,3888.46,12525.13651013
2019-02-20,3889.92,3967.52,3861.49,3936.53,9854.35493853
2019-02-21,3936.8,3989.99,3866.25,3900.4,8055.79892817
2019-02-22,3900.64,3957.0,3882.59,3939.82,6593.85993401
2019-02-23,3939.83,4157.87,3905.63,4113.53,7966.31721086
2019-02-24,4113.56,4190.0,3714.42,3730.68,13737.01398845
2019-02-25,3733.78,3861.81,3732.6,3820.71,8835.36224921
2019-02-26,3817.93,3830.0,3760.09,3795.06,6543.16453722
2019-02-27,3794.42,3822.85,3658.19,3798.47,7602.29984472
2019-02-28,3796.49,3897.62,3755.0,3791.36,6747.88027166
2019-03-01,3791.02,3845.3,3789.5,3807.05,4761.41015902
2019-03-02,3805.0,3818.75,3760.0,3810.46,3259.74312485
2019-03-03,3810.47,3822.39,3756.0,3789.52,2508.08649072
2019-03-04,3789.7,3806.9,3670.0,3698.66,7293.71962839
2019-03-05,3698.65,3877.1,3690.0,3844.07,7280.82397551
2019-03-06,3844.07,3895.12,3808.8,3851.55,6402.67507493
2019-03-07,3851.26,3891.04,3826.13,3856.64,7964.50825371
2019-03-08,3856.78,3924.37,3760.1,3844.64,7707.39667049
2019-03-09,3841.27,3950.25,3835.66,3916.43,5125.89830383
2019-03-10,3916.42,3916.43,3862.0,3897.92,3000.60671855
2019-03-11,3898.14,3912.89,3812.64,3849.25,6612.11516125
2019-03-12,3848.86,3877.69,3791.07,3859.74,5794.61473428
2019-03-13,3861.37,3874.68,3820.0,3848.48,4275.54000025
2019-03-14,3848.1,3903.98,3775.01,3854.77,5167.56617609
2019-03-15,3857.33,3912.06,3843.09,3901.21,6411.98332751
2019-03-16,3899.19,4040.0,3899.12,3990.0,6959.47788339
2019-03-17,3990.0,3992.42,3927.28,3965.5,2711.95016796
2019-03-18,3965.63,4016.63,3929.83,3969.59,5420.23037801
2019-03-19,3969.94,4012.63,3947.15,3998.13,5317.45055524
2019-03-20,3999.5,4050.0,3962.6,4031.59,6244.95370182
2019-03-21,4033.7,4055.35,3919.63,3974.21,7561.75989694
2019-03-22,3974.5,4000.81,3958.94,3982.07,3453.36892821
2019-03-23,3980.4,4001.17,3957.11,3982.52,2259.5645261
2019-03-24,3979.19,3980.97,3942.04,3969.99,2204.06560941
2019-03-25,3970.23,3980.22,3850.45,3910.51,6913.36709721
2019-03-26,3910.0,3936.36,3879.5,3922.58,4315.60487708
2019-03-27,3922.58,4037.11,3912.19,4025.5,8151.67504888
2019-03-28,4025.5,4025.56,3992.6,4012.23,3927.54682157
2019-03-29,4011.0,4102.57,4005.0,4090.0,8391.03462414
2019-03-30,4090.0,4130.36,4040.0,4094.92,3923.1364664
2019-03-31,4094.92,4101.7,4074.29,4096.08,2402.58820541
2019-04-01,4092.02,4150.0,4052.56,4136.32,7232.98731201
2019-04-02,4133.93,5080.0,4130.64,4899.63,30686.17351442
2019-04-03,4899.01,5345.0,4800.5,4978.23,29321.27268405
2019-04-04,4972.83,5077.35,4778.59,4907.94,15898.11514808
2019-04-05,4911.14,5067.62,4883.83,5039.73,13023.7465161
2019-04-06,5041.0,5240.0,4900.0,5041.39,10049.84478829
2019-04-07,5041.92,5253.49,5028.3,5190.85,10872.51935616
2019-04-08,5192.92,5347.37,5127.68,5287.88,13344.98151487
2019-04-09,5287.97,5288.95,5136.01,5192.6,9410.35350033
2019-04-10,5184.03,5466.06,5161.0,5323.47,10723.93474696
2019-04-11,5323.47,5344.31,4966.87,5040.2,15052.95606333
2019-04-12,5037.82,5122.48,4912.0,5076.35,8057.03847684
2019-04-13,5075.74,5122.01,5033.73,5063.63,4520.43702971
2019-04-14,5064.0,5185.26,5012.73,5162.72,3443.44728316
2019-04-15,5160.54,5192.01,4948.57,5027.31,7423.01375858
2019-04-16,5027.33,5231.96,5014.77,5202.43,7675.40412015
2019-04-17,5201.47,5275.07,5170.01,5233.72,6741.07720986
2019-04-18,5227.6,5325.0,5218.23,5281.58,6375.89568714
2019-04-19,5283.0,5357.96,5180.37,5289.91,5285.60637017
2019-04-20,5289.91,5362.97,5253.82,5318.89,3665.56962108
2019-04-21,5318.94,5346.91,5212.8,5295.65,4631.03916752
2019-04-22,5295.96,5439.12,5249.0,5386.8,7127.11186779
2019-04-23,5388.22,5627.0,5363.24,5531.32,10132.40317154
2019-04-24,5531.29,5623.3,5372.0,5440.95,10521.03763127
2019-04-25,5440.95,5510.0,4991.42,5132.55,9893.93590864
2019-04-26,5132.5,5291.48,5046.31,5155.19,15033.1017793
2019-04-27,5154.11,5218.31,5113.0,5168.91,4041.33355341
2019-04-28,5171.51,5213.23,5099.0,5160.98,3957.25435637
2019-04-29,5152.98,5191.96,5071.58,5149.11,5753.61513714
2019-04-30,5150.21,5287.4,5127.05,5269.0,5055.2728357
2019-05-01,5267.86,5357.96,5263.03,5318.42,4209.28441353
2019-05-02,5322.28,5422.94,5304.99,5385.0,5908.52172325
2019-05-03,5385.0,5796.56,5363.1,5658.22,12700.58899257
2019-05-04,5659.82,5846.13,5510.0,5764.65,8525.45570755
2019-05-05,5766.46,5782.55,5624.25,5709.32,5162.56182988
2019-05-06,5714.4,5755.79,5562.44,5685.46,6826.98087533
2019-05-07,5686.88,5970.0,5686.88,5751.54,10741.56186069
2019-05-08,5751.54,5986.0,5658.66,5940.89,6320.4135454
2019-05-09,5945.32,6172.0,5932.83,6156.7,9081.24077807
2019-05-10,6151.66,6426.8,6105.0,6342.84,13821.71360689
2019-05-11,6338.93,7445.0,6338.93,7217.47,22331.43531269
2019-05-12,7214.4,7585.0,6762.57,6974.35,27398.21436403
2019-05-13,6968.84,8167.5,6863.75,7810.05,27299.34473923
2019-05-14,7810.72,8335.56,7618.99,7986.0,18881.44115957
2019-05-15,7991.72,8300.0,7838.0,8208.69,16613.07123458
2019-05-16,8203.97,8390.95,7654.93,7880.0,17078.7037596
2019-05-17,7879.28,7942.09,6178.0,7351.71,27307.57969969
2019-05-18,7352.39,7493.85,7205.57,7260.12,7564.89968988
2019-05-19,7257.82,8299.99,7247.86,8200.0,15595.26745165
2019-05-20,8193.45,8199.97,7581.03,8005.64,13426.78750889
2019-05-21,8007.67,8117.48,7676.27,7955.16,7518.5556769
2019-05-22,7949.18,8049.22,7505.69,7624.95,8396.82203697
2019-05-23,7622.9,7980.0,7468.31,7880.22,8370.35625318
2019-05-24,7880.4,8188.87,7795.95,7999.02,9358.97181211
2019-05-25,7999.02,8158.45,7939.76,8064.64,3361.65325124
2019-05-26,8066.15,8802.29,7888.91,8733.26,8526.81164447
2019-05-27,8733.27,8939.18,8653.68,8770.73,8948.02467376
2019-05-28,8774.45,8817.41,8540.94,8717.96,6144.01124571
2019-05-29,8715.35,8762.39,8421.12,8663.41,7584.25785894
2019-05-30,8663.07,9096.79,8000.0,8277.76,15259.58792555
2019-05-31,8277.76,8589.99,8109.74,8547.2,9957.91006545
2019-06-01,8545.8,8624.72,8457.33,8556.27,5167.05130706
2019-06-02,8560.1,8833.97,8546.01,8734.49,4263.0361653
2019-06-03,8735.84,8745.96,8049.22,8103.64,9955.03261894
2019-06-04,8103.63,8103.63,7432.84,7665.53,15485.70215021
2019-06-05,7673.41,7924.48,7570.9,7785.94,9193.71188764
2019-06-06,7784.62,7878.62,7449.68,7806.07,8738.66635896
2019-06-07,7801.97,8134.99,7758.93,8001.25,9012.09615945
2019-06-08,8002.68,8061.12,7777.67,7932.27,4870.11556741
2019-06-09,7933.17,7966.58,7511.41,7632.99,3895.84810538
2019-06-10,7629.98,8090.0,7523.16,8021.1,7150.59429755
2019-06-11,8017.99,8057.32,7713.34,7919.1,5552.68803771
2019-06-12,7915.7,8266.0,7821.73,8176.27,8577.16249687
2019-06-13,8171.12,8335.56,8049.22,8238.0,7237.80039095
2019-06-14,8235.44,8737.37,8174.92,8697.54,8678.2503063
2019-06-15,8694.74,8911.98,8623.52,8857.19,5275.7530691
2019-06-16,8857.19,9391.85,8805.0,8974.19,15018.85335613
2019-06-17,8973.02,9477.7,8973.02,9333.48,12760.96069746
2019-06-18,9333.48,9361.87,8918.0,9078.84,11327.45394298
2019-06-19,9076.51,9325.85,9036.19,9278.27,4687.25984305
2019-06-20,9280.17,9600.0,9211.08,9534.99,7870.31583938
2019-06-21,9534.99,10229.49,9534.97,10222.12,12553.09963424
2019-06-22,10222.13,11200.0,10085.5,10661.3,13709.30032222
2019-06-23,10665.66,11247.62,10483.33,10831.95,7270.6458116
2019-06-24,10827.23,11099.0,10551.51,11029.63,8247.39381098
2019-06-25,11030.0,11796.37,11000.02,11751.01,12133.57175867
2019-06-26,11760.0,13880.0,11647.07,12920.54,37487.80242579
2019-06-27,12927.44,13355.61,10300.0,11153.74,36106.96055323
2019-06-28,11153.73,12447.46,10739.1,12354.43,18718.10158772
2019-06-29,12354.45,12386.76,11317.03,11858.62,12265.99736052
2019-06-30,11867.35,12200.06,10651.3,10760.1,12642.61772277
2019-07-01,10759.24,11200.41,9950.0,10577.43,22917.43710404
2019-07-02,10581.78,10942.63,9614.08,10828.9,20285.24655295
2019-07-03,10830.1,12009.0,10830.1,11967.43,19389.85475767
2019-07-04,11970.0,12061.04,11052.74,11146.34,11185.29420376
2019-07-05,11144.82,11440.0,10769.15,10997.84,11893.4379497
2019-07-06,10996.82,11735.0,10982.89,11240.0,7892.17866812
2019-07-07,11233.21,11627.0,11083.76,11469.96,6683.05546715
2019-07-08,11478.43,12398.0,11332.19,12286.14,11901.90089462
2019-07-09,12299.94,12883.48,12030.43,12567.23,15115.5523839
2019-07-10,12574.88,13200.0,11550.0,12098.95,19838.38994897
2019-07-11,12101.44,12104.97,10966.81,11349.24,18468.68600043
2019-07-12,11352.74,11942.39,11083.52,11808.91,9176.67942993
2019-07-13,11811.08,11846.61,10810.0,11378.79,9391.35341435
2019-07-14,11382.03,11467.3,10090.0,10191.87,12170.40823763
2019-07-15,10191.87,11080.37,9855.0,10850.0,16048.02718406
2019-07-16,10848.27,11042.11,9366.0,9412.81,20761.02748001
2019-07-17,9427.45,9993.0,9049.54,9699.35,16992.78525932
2019-07-18,9712.15,10797.0,9280.33,10648.6,18289.54217585
2019-07-19,10638.44,10776.99,10102.58,10535.43,13787.45646718
2019-07-20,10533.71,11120.0,10359.17,10750.11,9964.67388282
2019-07-21,10757.15,10839.09,10325.0,10600.24,5628.16176664
2019-07-22,10605.03,10686.89,10052.25,10328.83,9371.30644231
2019-07-23,10315.87,10327.33,9801.88,9847.02,9040.84882621
2019-07-24,9841.42,9911.5,9514.96,9763.67,9433.34520017
2019-07-25,9781.52,10187.0,9734.19,9883.96,6377.95751785
2019-07-26,9886.08,9897.46,9650.0,9846.94,5570.10914746
2019-07-27,9846.94,10235.0,9299.0,9481.37,9614.10207519
2019-07-28,9467.84,9634.5,9111.0,9533.19,3860.8348169
2019-07-29,9538.73,9725.17,9360.0,9495.39,5068.6543093
2019-07-30,9508.21,9775.0,9373.48,9593.62,5533.97118529
2019-07-31,9592.26,10143.2,9574.09,10085.34,7917.5084772
2019-08-01,10096.01,10499.0,9878.09,10407.71,7681.73235986
2019-08-02,10416.79,10670.0,10318.47,10529.51,9286.86172741
2019-08-03,10529.51,10919.0,10502.8,10821.52,6996.11722818
2019-08-04,10812.58,11085.99,10564.96,10986.96,7556.32923024
2019-08-05,10986.55,11959.36,10986.55,11800.0,17260.45577332
2019-08-06,11800.0,12325.0,11200.0,11470.0,16420.57916354
2019-08-07,11471.58,12145.42,11388.01,11971.57,15480.45524249
2019-08-08,11973.46,12061.1,11450.93,11983.43,10144.46210884
2019-08-09,11985.6,12040.0,11650.0,11859.32,7336.91484905
2019-08-10,11859.32,11976.68,11200.0,11273.2,7447.24834124
2019-08-11,11273.03,11589.73,11080.37,11528.73,4361.39069182
2019-08-12,11527.44,11551.57,11194.04,11385.11,3417.70935664
2019-08-13,11380.61,11446.94,10738.58,10862.28,9003.17888634
2019-08-14,10862.25,10862.25,9888.57,10022.99,12678.9411947
2019-08-15,10022.5,10444.66,9467.57,10301.44,15083.17326332
2019-08-16,10294.9,10540.0,9736.96,10354.34,11080.39966131
2019-08-17,10351.18,10472.93,9974.51,10210.89,3907.52839849
2019-08-18,10221.94,10515.0,10065.41,10318.99,3398.41986671
2019-08-19,10318.99,10940.0,10267.56,10927.3,8044.02134828
2019-08-20,10927.3,10955.48,10549.74,10772.22,5883.59995275
2019-08-21,10778.75,10807.54,9853.45,10134.75,9812.62171129
2019-08-22,10123.56,10238.29,9755.53,10112.01,6710.30664788
2019-08-23,10112.45,10479.0,10051.0,10401.6,5557.29144342
2019-08-24,10401.87,10432.0,9885.48,10149.7,5106.55673687
2019-08-25,10149.38,10355.89,9907.86,10136.75,3953.39528117
2019-08-26,10136.75,10650.0,10136.75,10360.97,7166.67534085
2019-08-27,10355.11,10375.53,10019.1,10167.29,4781.3350218
2019-08-28,10171.39,10280.71,9555.0,9711.78,9303.15591906
2019-08-29,9720.2,9720.2,9320.0,9490.0,7717.10637568
2019-08-30,9490.56,9700.0,9350.1,9579.75,5317.3097001
2019-08-31,9569.3,9682.73,9443.19,9594.15,1572.15542709
2019-09-01,9593.5,9832.0,9538.75,9767.53,1799.36720121
2019-09-02,9767.56,10471.0,9753.24,10384.48,6144.79883515
2019-09-03,10384.07,10783.0,10286.0,10617.61,11443.53849727
2019-09-04,10617.72,10834.15,10378.7,10586.26,10088.7236301
2019-09-05,10586.26,10664.13,10461.97,10573.66,4555.62463429
2019-09-06,10573.04,10949.0,10204.18,10311.09,10701.50994422
2019-09-07,10309.04,10580.0,10297.58,10484.39,3148.50895336
2019-09-08,10497.57,10594.88,10229.49,10400.18,3130.86103548
2019-09-09,10387.33,10542.93,10060.0,10307.45,6059.76274364
2019-09-10,10317.62,10390.09,9910.0,10096.0,4658.92141056
2019-09-11,10093.39,10243.01,9855.11,10154.46,4614.34849343
2019-09-12,10163.81,10465.0,10027.52,10420.34,4719.04668642
2019-09-13,10423.99,10458.13,10153.87,10368.65,3755.41742244
2019-09-14,10365.81,10441.47,10217.01,10355.37,2656.15453049
2019-09-15,10362.52,10383.2,10258.49,10305.74,2297.72276878
2019-09-16,10320.36,10378.07,10060.95,10269.98,5496.03749388
2019-09-17,10257.2,10280.53,10130.59,10195.73,5078.59865576
2019-09-18,10182.96,10263.65,10080.0,10152.09,3952.00683587
2019-09-19,10161.59,10380.07,9600.0,10271.53,7455.91141166
2019-09-20,10284.72,10308.04,10055.0,10169.02,4463.38202069
2019-09-21,10169.02,10180.43,9913.35,9985.28,4148.89981496
2019-09-22,9973.0,10093.24,9842.35,10020.58,3213.9540957
2019-09-23,10022.38,10048.06,9606.0,9682.19,5447.96313246
2019-09-24,9685.69,9782.0,7998.0,8536.82,28154.41355726
2019-09-25,8536.71,8746.83,8216.0,8432.16,17435.8678913
2019-09-26,8443.44,8467.89,7733.99,8055.03,16662.32021152
2019-09-27,8055.25,8294.04,7866.0,8187.72,10165.85293694
2019-09-28,8199.96,8356.4,8009.84,8218.07,6315.48953894
2019-09-29,8218.07,8244.07,7902.66,8047.6,5366.5707177
2019-09-30,8060.13,8368.5,7714.7,8298.45,9518.99210777
2019-10-01,8304.47,8531.25,8195.42,8319.01,10224.59198253
2019-10-02,8326.41,8393.39,8170.91,8373.42,4952.5341152
2019-10-03,8377.68,8419.23,8029.14,8239.92,8701.12039607
2019-10-04,8243.39,8244.93,7986.65,8152.07,6278.78141904
2019-10-05,8157.89,8195.0,8016.26,8145.17,4445.10406787
2019-10-06,8150.73,8176.46,7772.71,7854.12,6454.53572694
2019-10-07,7863.75,8313.7,7763.54,8205.53,9363.32718459
2019-10-08,8211.04,8344.12,8109.74,8178.54,3577.72287319
2019-10-09,8185.85,8707.8,8110.0,8586.34,11634.19484623
2019-10-10,8586.57,8666.84,8450.61,8582.11,7435.43199033
2019-10-11,8589.08,8820.0,8222.88,8265.55,7824.58718752
2019-10-12,8265.16,8427.76,8254.68,8303.43,1828.83312447
2019-10-13,8303.43,8474.48,8132.91,8282.96,4445.28381368
2019-10-14,8278.39,8416.67,8215.41,8362.99,4294.6073892
2019-10-15,8353.33,8420.85,8086.0,8155.13,5044.66127938
2019-10-16,8162.45,8179.1,7912.66,7995.89,8644.40011646
2019-10-17,7995.73,8130.71,7936.71,8073.32,5395.88599206
2019-10-18,8069.26,8120.77,7811.62,7955.08,5611.09353737
2019-10-19,7950.48,8096.76,7875.0,7960.49,3461.12529207
2019-10-20,7965.39,8314.77,7874.68,8235.74,6358.92499072
2019-10-21,8236.49,8352.0,8156.0,8213.65,4919.73416831
2019-10-22,8206.53,8314.77,7989.15,8025.9,5678.93483059
2019-10-23,8021.57,8052.04,7293.55,7470.77,13306.18266092
2019-10-24,7470.77,7512.0,7356.0,7435.0,4997.4230935
2019-10-25,7427.0,8784.29,7393.14,8662.66,19113.79549622
2019-10-26,8677.09,10350.0,8642.46,9252.75,38751.80025476
2019-10-27,9262.72,9819.92,9092.66,9557.08,17783.02515594
2019-10-28,9547.32,9950.0,9177.84,9216.44,14722.01859796
2019-10-29,9216.39,9573.35,9051.48,9426.94,9059.61157854
2019-10-30,9426.94,9437.06,8985.25,9159.94,8814.43804818
2019-10-31,9169.55,9438.61,8961.53,9150.07,10113.15940929
2019-11-01,9158.08,9303.53,9054.6,9250.45,6640.55238456
2019-11-02,9250.7,9396.91,9201.19,9304.75,2701.13696278
2019-11-03,9304.75,9384.32,9067.0,9207.0,2539.21833111
2019-11-04,9207.0,9586.5,9122.33,9410.76,4962.44231548
2019-11-05,9410.76,9485.0,9165.2,9320.14,4979.57899177
2019-11-06,9319.1,9448.19,9254.68,9344.78,4670.23465673
2019-11-07,9346.02,9373.48,9080.0,9199.36,3975.97661681
2019-11-08,9209.3,9253.39,8661.0,8767.37,9699.74677043
2019-11-09,8760.38,8876.94,8720.0,8812.21,2271.51792167
2019-11-10,8806.85,9142.33,8750.85,9024.49,2663.27825012
2019-11-11,9029.88,9075.32,8593.0,8720.36,6392.97505953
2019-11-12,8720.36,8872.47,8549.0,8813.91,4721.90610684
2019-11-13,8817.0,8839.46,8700.0,8755.24,3185.82098874
2019-11-14,8765.53,8791.78,8555.0,8636.9,3412.80581524
2019-11-15,8632.07,8799.03,8363.0,8463.49,5213.70141434
2019-11-16,8459.38,8539.53,8423.0,8484.63,1180.57339029
2019-11-17,8485.61,8631.6,8375.0,8499.31,2074.00770126
2019-11-18,8499.53,8508.4,8010.7,8170.65,4825.65562506
2019-11-19,8176.9,8197.77,7989.15,8121.63,4412.39464174
2019-11-20,8124.08,8231.04,8027.28,8088.44,2996.00619203
2019-11-21,8085.54,8116.92,7394.09,7611.51,9374.99957046
2019-11-22,7612.23,7714.7,6785.0,7285.85,20120.14646602
2019-11-23,7276.21,7356.49,7102.16,7320.39,5550.47222776
2019-11-24,7330.98,7349.68,6861.96,6908.36,6047.01776023
2019-11-25,6900.9,7380.0,6515.0,7122.14,18716.60131311
2019-11-26,7127.12,7344.91,7018.78,7159.22,7643.84956815
2019-11-27,7168.74,7676.27,6847.72,7527.84,15156.9919345
2019-11-28,7517.82,7659.92,7372.19,7436.72,6925.58489749
2019-11-29,7429.32,7870.35,7411.17,7753.69,7658.87160206
2019-11-30,7753.69,7815.0,7452.08,7550.67,5446.27351349
2019-12-01,7560.2,7560.2,7233.87,7412.66,5477.97290774
2019-12-02,7411.75,7431.07,7140.08,7309.64,4324.30016255
2019-12-03,7317.94,7415.0,7238.04,7300.43,2552.20229834
2019-12-04,7299.2,7772.71,7087.09,7197.78,7737.39153487
2019-12-05,7199.58,7500.0,7150.06,7390.42,4641.75678879
2019-12-06,7397.35,7618.99,7305.56,7541.79,4167.2401632
2019-12-07,7535.46,7638.88,7486.7,7502.65,2034.573719
2019-12-08,7505.86,7580.0,7382.69,7524.26,1798.77041268
2019-12-09,7516.8,7666.0,7268.03,7340.52,6582.47031165
2019-12-10,7332.05,7400.0,7150.23,7216.07,4090.62092926
2019-12-11,7224.5,7271.0,7122.28,7207.42,3419.93896517
2019-12-12,7208.95,7296.19,7072.2,7188.42,4376.88899274
2019-12-13,7185.15,7302.35,7179.65,7257.47,3178.07849595
2019-12-14,7255.94,7269.0,7007.48,7059.03,2012.34890643
2019-12-15,7066.35,7225.23,7007.0,7115.08,1848.34572822
2019-12-16,7115.08,7147.91,6820.0,6882.19,5923.05547919
2019-12-17,6882.08,6938.77,6550.0,6612.3,7107.25638535
2019-12-18,6619.53,7449.68,6425.0,7286.91,12873.63439214
2019-12-19,7286.91,7372.12,7000.0,7149.57,5936.55634536
2019-12-20,7157.53,7218.11,7072.61,7194.11,3201.66392251
2019-12-21,7194.13,7194.13,7109.73,7147.4,1689.08199513
2019-12-22,7147.4,7530.0,7124.52,7509.7,3796.22608082
2019-12-23,7521.88,7692.98,7247.86,7316.17,6710.7673604
2019-12-24,7317.47,7431.1,7156.0,7251.52,4194.58980335
2019-12-25,7247.45,7266.81,7110.73,7195.79,1504.52751296
2019-12-26,7195.8,7432.0,7150.0,7188.3,3116.74715162
2019-12-27,7195.17,7255.37,7052.0,7246.0,4024.57086599
2019-12-28,7247.7,7349.65,7231.0,7296.24,1579.70272647
2019-12-29,7297.43,7524.46,7274.43,7385.54,2583.85134193
2019-12-30,7372.79,7384.9,7199.0,7220.24,3722.91334933
2019-12-31,7222.74,7302.35,7112.55,7168.36,2638.69130899
2020-01-01,7160.69,7237.35,7150.0,7178.68,1119.10969318
2020-01-02,7174.7,7184.94,6900.0,6950.56,3972.70795427
2020-01-03,6945.7,7402.31,6853.53,7338.91,8072.72908749
2020-01-04,7332.58,7396.1,7256.03,7344.48,3256.73735349
2020-01-05,7356.05,7495.0,7310.0,7356.7,2707.27385549
2020-01-06,7352.12,7817.0,7342.46,7762.74,6728.28277831
2020-01-07,7768.17,8220.0,7697.03,8159.01,12158.32281238
2020-01-08,8151.79,8463.57,7872.09,8044.44,11913.23248192
2020-01-09,8048.94,8048.94,7737.97,7806.78,5957.24423978
2020-01-10,7812.7,8200.0,7667.0,8200.0,8999.98825687
2020-01-11,8200.0,8286.0,8000.0,8016.22,3788.3273136
2020-01-12,8008.1,8190.0,7960.0,8180.76,2056.08675369
2020-01-13,8180.75,8196.81,8039.0,8105.01,4011.43909644
2020-01-14,8105.01,8895.0,8105.01,8813.04,17009.43193382
2020-01-15,8813.2,8903.2,8555.0,8809.17,8606.88339936
2020-01-16,8810.62,8852.35,8573.91,8710.15,6713.2584764
2020-01-17,8715.39,9015.22,8661.52,8892.63,9363.15892644
2020-01-18,8898.03,9000.1,8798.9,8908.53,3678.00926615
2020-01-19,8901.02,9188.1,8461.38,8696.6,8785.449927
2020-01-20,8698.97,8740.54,8507.93,8625.17,4420.19825219
2020-01-21,8629.66,8778.66,8480.0,8717.89,3394.68916005
2020-01-22,8728.47,8792.98,8567.68,8655.93,3143.81212331
2020-01-23,8661.63,8665.95,8280.0,8378.44,8611.0107876
2020-01-24,8382.08,8530.7,8212.9,8422.13,6430.43023326
2020-01-25,8435.83,8437.47,8252.72,8329.5,2812.78995216
2020-01-26,8320.0,8600.0,8276.22,8590.48,6340.58577579
2020-01-27,8600.0,9004.35,8546.55,8894.54,9619.7747426
2020-01-28,8894.57,9413.24,8876.0,9400.0,9565.55935515
2020-01-29,9386.57,9443.96,9215.5,9289.18,6481.91594603
2020-01-30,9280.83,9570.0,9166.07,9500.0,7945.15877894
2020-01-31,9510.84,9529.35,9195.93,9327.85,5009.62230695
2020-02-01,9339.26,9464.16,9280.33,9377.17,1669.00246242
2020-02-02,9379.6,9474.28,9135.0,9329.39,3015.79158859
2020-02-03,9309.69,9615.0,9211.07,9288.09,4758.13350441
2020-02-04,9281.0,9348.6,9075.0,9159.37,4867.22545881
2020-02-05,9168.49,9775.0,9142.52,9618.42,8063.96793828
2020-02-06,9617.84,9859.57,9521.0,9754.63,7554.48867469
2020-02-07,9754.63,9878.0,9706.94,9803.42,4013.49096731
2020-02-08,9803.71,9948.97,9658.58,9902.0,3268.73554695
2020-02-09,9907.7,10178.54,9885.04,10173.97,4830.33787739
2020-02-10,10173.51,10199.85,9731.2,9850.01,7560.66789084
2020-02-11,9851.99,10383.9,9706.94,10268.98,8127.59636283
2020-02-12,10270.98,10495.0,10247.35,10348.78,6553.40942709
2020-02-13,10348.78,10500.5,10068.0,10228.67,9347.45128374
2020-02-14,10229.19,10398.0,10093.26,10364.04,6190.37749036
2020-02-15,10364.04,10408.04,9739.0,9899.78,5762.30634481
2020-02-16,9909.71,10051.24,9598.49,9912.89,4133.47675014
2020-02-17,9925.96,9973.45,9467.57,9697.15,5913.20492551
2020-02-18,9725.57,10288.0,9602.6,10185.17,6754.35394103
2020-02-19,10190.3,10300.0,9312.0,9595.72,9936.8206814
2020-02-20,9589.1,9706.27,9396.91,9612.76,6608.4910792
2020-02-21,9610.4,9773.2,9562.6,9696.13,4271.47074293
2020-02-22,9696.13,9722.39,9568.51,9668.13,2096.56353593
2020-02-23,9664.08,10024.08,9664.08,9965.21,3329.22433648
2020-02-24,9969.79,10027.66,9480.0,9652.58,5877.00770771
2020-02-25,9664.87,9682.73,9234.21,9305.4,6280.00295543
2020-02-26,9305.4,9369.99,8627.78,8779.36,11564.19794381
2020-02-27,8778.37,8974.75,8520.0,8816.5,9273.9036636
2020-02-28,8816.5,8900.94,8421.49,8703.84,6546.98122765
2020-02-29,8710.0,8805.06,8525.0,8527.74,2338.06785643
2020-03-01,8525.0,8756.11,8410.0,8528.95,4156.57173933
2020-03-02,8516.0,8980.34,8486.72,8917.34,6186.86088929
2020-03-03,8917.34,8921.8,8660.04,8755.45,4629.97228611
2020-03-04,8755.45,8850.0,8663.76,8753.28,3353.2325223
2020-03-05,8757.79,9169.0,8757.79,9066.65,6448.68567336
2020-03-06,9059.0,9187.85,8990.01,9153.79,4136.42339429
2020-03-07,9154.1,9219.13,8859.49,8893.93,2805.5915714
2020-03-08,8901.12,8901.12,7995.48,8033.7,9068.89040196
2020-03-09,8035.79,8191.13,7636.0,7936.25,12177.39425093
2020-03-10,7937.2,8158.42,7733.99,7885.92,8274.9537573
2020-03-11,7893.63,7988.78,7591.99,7934.57,7289.61145281
2020-03-12,7956.29,7969.9,4776.59,4841.67,58513.38918903
2020-03-13,4841.67,5990.35,3850.0,5622.74,54419.64133553
2020-03-14,5623.16,5663.01,5051.0,5169.37,15370.8681496
2020-03-15,5167.38,5965.77,5092.34,5343.64,16589.30386378
2020-03-16,5353.04,5353.04,4435.89,5033.42,34905.46359769
2020-03-17,5051.41,5569.9,4936.0,5324.99,17517.84242049
2020-03-18,5340.95,5452.43,5006.87,5406.92,22559.23112903
2020-03-19,5413.0,6433.98,5266.38,6181.18,24783.73487365
2020-03-20,6192.94,7139.0,5670.0,6210.14,30082.50248252
2020-03-21,6207.66,6461.91,5866.44,6187.78,11796.72656887
2020-03-22,6199.17,6419.0,5705.0,5813.15,10813.38456907
2020-03-23,5816.57,6629.79,5686.34,6493.51,19053.80456405
2020-03-24,6494.7,6893.0,6400.01,6768.64,19719.09402414
2020-03-25,6768.64,6989.04,6457.17,6692.22,16675.73512097
2020-03-26,6695.47,6798.89,6528.07,6760.72,7393.70723365
2020-03-27,6765.15,6872.67,6210.0,6376.03,10816.28556504
2020-03-28,6376.03,6376.03,6030.51,6253.08,11613.49398164
2020-03-29,6275.11,6278.24,5869.0,5870.9,9298.9390511
2020-03-30,5878.47,6630.0,5856.0,6407.77,14974.444163
2020-03-31,6408.95,6527.24,6337.42,6421.14,6342.29832651
2020-04-01,6428.74,6710.21,6137.71,6652.07,11319.14793815
2020-04-02,6669.95,7236.39,6575.13,6801.99,17212.82067331
2020-04-03,6789.63,7047.96,6610.0,6742.57,10570.10640235
2020-04-04,6737.36,7014.0,6655.54,6879.61,6018.51563233
2020-04-05,6887.22,6914.01,6678.51,6775.2,3981.97692417
2020-04-06,6780.57,7376.59,6773.75,7352.43,13683.03789416
2020-04-07,7335.85,7469.0,7077.0,7202.73,11669.01426524
2020-04-08,7204.78,7428.95,7152.0,7367.36,8720.21050049
2020-04-09,7370.85,7376.59,7107.38,7293.93,8324.9217727
2020-04-10,7299.12,7306.1,6750.15,6877.03,10727.86685616
2020-04-11,6866.03,6955.59,6771.24,6883.18,3326.67476213
2020-04-12,6882.75,7201.76,6790.74,6908.24,7264.51928043
2020-04-13,6908.21,6914.01,6542.91,6864.22,10837.57453223
2020-04-14,6864.66,6991.0,6766.96,6879.75,7275.68657382
2020-04-15,6868.88,6940.0,6598.55,6619.0,8109.73234254
2020-04-16,6619.0,7224.18,6472.67,7111.67,15726.69637377
2020-04-17,7121.35,7158.22,6995.39,7024.19,8539.61835086
2020-04-18,7020.13,7306.15,7020.13,7262.26,5102.50261952
2020-04-19,7265.94,7276.21,7057.46,7126.4,4662.19209244
2020-04-20,7124.27,7220.0,6757.75,6841.0,11365.00931766
2020-04-21,6833.0,6950.98,6774.48,6854.98,5570.95619043
2020-04-22,6850.6,7171.26,6819.59,7137.79,6273.40631495
2020-04-23,7138.29,7756.69,7031.07,7484.58,14779.54814354
2020-04-24,7494.2,7612.91,7391.57,7505.53,7357.10670681
2020-04-25,7518.81,7723.77,7432.8,7547.56,3800.82773036
2020-04-26,7565.0,7718.0,7485.0,7701.73,5247.54081807
2020-04-27,7708.87,7813.68,7637.03,7786.41,6878.02253788
2020-04-28,7794.22,7798.42,7650.0,7767.79,7248.9559695
2020-04-29,7762.07,8970.0,7717.14,8790.32,26396.09715679
2020-04-30,8789.79,9485.26,8407.0,8627.32,24057.73933525
2020-05-01,8629.72,9075.0,8616.17,8832.44,11379.68574201
2020-05-02,8836.0,9022.0,8760.0,8983.79,5524.26706572
2020-05-03,8982.56,9207.82,8723.78,8915.98,9218.274909
2020-05-04,8924.14,8974.34,8528.42,8882.87,10018.97499887
2020-05-05,8889.24,9120.0,8760.1,9034.85,9592.13446226
2020-05-06,9040.0,9417.95,8921.03,9154.32,15110.94181329
2020-05-07,9163.63,10074.0,9030.03,10000.0,25012.90031203
2020-05-08,10008.19,10048.38,9725.0,9801.35,19203.48379461
2020-05-09,9809.04,9914.0,9515.4,9546.56,11278.63371513
2020-05-10,9527.31,9565.2,8109.0,8731.17,31639.42874341
2020-05-11,8740.88,9182.97,8181.0,8571.98,34465.18657226
2020-05-12,8574.19,8984.87,8534.97,8825.46,14010.2612055
2020-05-13,8816.99,9418.46,8804.47,9315.5,12762.85161682
2020-05-14,9323.73,9945.34,9254.85,9793.5,19936.18545561
2020-05-15,9809.91,9844.66,9112.0,9306.21,17324.14460144
2020-05-16,9307.43,9590.0,9216.08,9389.07,6170.09609719
2020-05-17,9377.79,9894.88,9326.53,9665.7,9515.79358021
2020-05-18,9672.95,9966.12,9451.2,9721.91,12362.32763823
2020-05-19,9730.0,9903.89,9455.05,9787.65,12149.68534917
2020-05-20,9776.3,9843.87,9100.0,9516.51,12351.42817701
2020-05-21,9505.61,9573.29,8800.0,9062.47,16879.82890788
2020-05-22,9062.25,9272.97,8924.91,9171.96,7261.28419694
2020-05-23,9171.96,9316.12,9084.83,9183.46,3477.27850858
2020-05-24,9183.93,9310.91,8669.0,8718.77,8855.47763284
2020-05-25,8710.12,8984.16,8630.0,8903.56,8919.92378955
2020-05-26,8903.22,9012.0,8690.0,8840.91,5923.00523696
2020-05-27,8835.79,9230.21,8810.99,9210.0,6867.67101935
2020-05-28,9209.99,9625.01,9105.79,9577.38,11523.40889483
2020-05-29,9581.49,9610.0,9330.0,9421.04,7226.77389995
2020-05-30,9428.52,9758.27,9326.28,9705.1,6781.84196225
2020-05-31,9705.1,9711.7,9373.96,9446.19,5697.99838373
2020-06-01,9444.61,10429.26,9416.5,10203.64,12109.14149664
2020-06-02,10203.64,10241.26,9135.68,9525.73,22725.11942099
2020-06-03,9522.52,9699.95,9380.99,9668.99,6928.76322878
2020-06-04,9668.0,9888.0,9430.0,9791.92,8938.7688887
2020-06-05,9791.0,9856.48,9592.74,9619.99,7157.37095675
2020-06-06,9616.17,9744.39,9525.76,9669.85,4047.26924742
2020-06-07,9673.08,9829.31,9356.0,9750.04,6762.65158822
2020-06-08,9759.04,9813.67,9645.0,9783.0,5379.07801648
2020-06-09,9786.64,9897.46,9566.81,9776.84,6922.79788471
2020-06-10,9782.3,10011.4,9578.0,9894.32,7107.20140335
2020-06-11,9894.32,9981.24,9078.91,9264.26,16389.44455357
2020-06-12,9265.95,9555.0,9230.0,9463.07,6934.13533535
2020-06-13,9465.92,9500.0,9345.71,9473.46,2938.68222067
2020-06-14,9478.93,9479.59,9235.01,9329.99,3477.25235863
2020-06-15,9329.99,9505.4,8900.0,9435.15,11765.1135339
2020-06-16,9435.41,9596.31,9374.9,9530.3,6864.21822439
2020-06-17,9530.62,9566.53,9230.32,9461.29,5902.36636044
2020-06-18,9459.82,9478.69,9250.0,9374.78,3997.01284654
2020-06-19,9374.83,9429.99,9225.15,9304.32,5305.9077191
2020-06-20,9287.6,9400.0,9138.0,9355.46,3071.79384829
2020-06-21,9355.93,9421.26,9271.52,9283.03,1435.21189641
2020-06-22,9287.89,9798.76,9267.2,9683.12,6615.64540882
2020-06-23,9688.26,9725.3,9571.0,9622.81,4866.11470545
2020-06-24,9617.88,9666.35,9193.99,9286.06,10072.57541802
2020-06-25,9286.3,9343.49,8989.0,9239.48,8701.2461746
2020-06-26,9237.98,9289.71,9024.61,9158.26,7912.38375487
2020-06-27,9158.13,9189.0,8830.63,9009.3,4399.67602419
2020-06-28,9008.33,9191.72,8933.06,9118.01,3231.85728086
2020-06-29,9118.8,9240.36,9014.92,9188.88,4942.72533003
2020-06-30,9187.85,9201.95,9060.0,9132.96,2781.63125132
2020-07-01,9136.89,9300.0,9089.8,9233.38,4321.56559235
2020-07-02,9230.97,9268.54,8939.0,9092.92,6866.04897352
2020-07-03,9091.68,9127.11,9027.17,9063.08,3510.00353809
2020-07-04,9053.87,9196.0,9045.94,9138.52,2180.37237178
2020-07-05,9142.16,9147.37,8905.0,9076.82,3067.87780852
2020-07-06,9077.18,9376.34,9060.5,9348.22,5361.35284949
2020-07-07,9346.9,9385.81,9201.78,9257.16,4702.82565367
2020-07-08,9257.21,9479.57,9228.91,9437.16,6275.54666358
2020-07-09,9441.76,9448.5,9157.11,9234.9,4575.44853951
2020-07-10,9234.91,9318.92,9053.14,9283.53,3910.32678996
2020-07-11,9291.0,9304.95,9180.0,9238.3,1453.16535935
2020-07-12,9234.07,9347.76,9153.48,9306.17,2037.15363045
2020-07-13,9304.94,9351.17,9190.49,9233.1,3875.17319052
2020-07-14,9234.19,9282.08,9095.0,9251.59,4479.91060569
2020-07-15,9256.33,9276.98,9153.38,9190.07,3810.04841103
2020-07-16,9191.0,9217.5,9026.51,9132.87,5541.85389383
2020-07-17,9134.44,9184.28,9073.53,9156.5,3593.49712953
2020-07-18,9150.51,9214.63,9122.72,9177.43,1358.28531978
2020-07-19,9175.7,9243.36,9106.3,9211.99,1585.39916859
2020-07-20,9213.15,9224.73,9128.21,9162.43,3064.80739401
2020-07-21,9161.77,9442.89,9152.23,9391.25,5559.47430975
2020-07-22,9395.98,9573.0,9280.8,9539.51,5520.76262356
2020-07-23,9537.23,9690.0,9453.38,9617.2,10413.94384743
2020-07-24,9614.85,9650.55,9474.35,9547.91,8012.90509154
2020-07-25,9549.34,9751.82,9532.79,9710.98,5065.44989566
2020-07-26,9712.45,10200.0,9657.0,9944.65,9090.21430682
2020-07-27,9941.25,11417.11,9933.77,11046.19,27736.83221358
2020-07-28,11049.4,11263.85,10583.48,10939.27,17062.37380128
2020-07-29,10931.91,11358.47,10855.81,11111.17,12452.86303565
2020-07-30,11105.01,11189.0,10832.0,11112.12,10456.84804792
2020-07-31,11110.84,11457.95,10973.8,11356.74,10417.50746157
2020-08-01,11357.98,11883.36,11228.0,11817.49,11195.80752332
2020-08-02,11808.21,12100.0,10559.59,11071.66,12656.41102944
2020-08-03,11074.92,11480.0,10933.26,11236.39,6984.67078032
2020-08-04,11236.39,11420.0,11000.79,11192.42,5522.11051757
2020-08-05,11193.48,11795.86,11094.35,11755.24,7514.79142531
2020-08-06,11759.9,11913.5,11575.57,11770.08,9855.99436305
2020-08-07,11770.26,11920.0,11219.0,11600.85,10503.36174678
2020-08-08,11601.75,11817.95,11527.0,11776.9,3983.74888665
2020-08-09,11767.93,11808.28,11527.92,11683.03,2649.48917649
2020-08-10,11684.6,12080.0,11510.0,11895.12,7701.72806914
2020-08-11,11896.37,11945.05,11130.0,11392.64,10470.68807136
2020-08-12,11386.5,11625.0,11150.0,11565.35,5668.60180464
2020-08-13,11567.74,11806.61,11270.91,11793.26,6839.55121466
2020-08-14,11797.55,11862.0,11652.01,11779.77,5526.79649808
2020-08-15,11771.97,11986.93,11667.7,11852.2,3983.17592982
2020-08-16,11858.6,11938.55,11685.97,11914.02,2494.17000289
2020-08-17,11916.83,12473.0,11771.44,12298.38,9778.32856833
2020-08-18,12301.27,12408.53,11823.0,11958.1,8818.18784117
2020-08-19,11950.0,12022.18,11574.4,11757.55,9401.50118445
2020-08-20,11762.18,11894.12,11675.29,11859.37,4191.75792092
2020-08-21,11857.18,11887.67,11485.49,11531.74,6391.17972721
2020-08-22,11527.81,11694.02,11367.0,11667.7,3401.42192253
2020-08-23,11678.17,11715.09,11524.7,11644.65,1632.87091819
2020-08-24,11653.7,11832.55,11588.61,11761.8,2887.05808264
2020-08-25,11750.4,11772.22,11112.75,11328.88,7073.69374623
2020-08-26,11328.5,11549.8,11250.14,11469.3,4273.08016903
2020-08-27,11462.91,11602.92,11122.72,11330.0,7796.15569663
2020-08-28,11332.26,11555.61,11277.95,11536.58,6046.49746388
2020-08-29,11538.74,11592.0,11423.64,11471.71,2095.93600275
2020-08-30,11471.71,11715.69,11458.62,11708.97,2328.65701886
2020-08-31,11713.11,11780.0,11573.39,11655.0,4534.21810201
2020-09-01,11658.48,12065.82,11515.0,11923.96,7960.82238043
2020-09-02,11919.53,11956.45,11155.32,11398.44,13056.07287751
2020-09-03,11395.1,11477.35,9987.86,10160.0,18554.73121203
2020-09-04,10160.0,10646.75,9902.43,10456.32,17415.36005733
2020-09-05,10460.2,10567.9,9850.0,10167.19,12165.47308504
2020-09-06,10165.47,10353.39,10000.0,10260.17,5121.25180431
2020-09-07,10258.43,10415.66,9880.0,10377.14,8725.09203962
2020-09-08,10377.5,10446.18,9825.07,10123.96,10560.87470567
2020-09-09,10126.01,10353.39,9981.38,10232.8,5872.2195124
2020-09-10,10221.76,10495.75,10220.0,10342.59,10223.19117775
2020-09-11,10341.38,10409.44,10200.5,10393.04,5245.74244486
2020-09-12,10400.46,10482.42,10275.0,10443.33,2509.23983418
2020-09-13,10446.4,10576.78,10214.9,10334.78,4325.10556518
2020-09-14,10338.82,10765.03,10250.13,10675.15,7325.23245633
2020-09-15,10671.4,10940.01,10611.17,10783.83,6456.66295267
2020-09-16,10785.0,11100.0,10662.81,10951.54,8300.23983202
2020-09-17,10950.15,11054.0,10739.23,10940.47,5525.71740992
2020-09-18,10947.35,11040.18,10816.54,10931.2,4398.92439287
2020-09-19,10935.49,11183.01,10890.53,11077.22,2253.35153789
2020-09-20,11070.84,11079.25,10755.9,10923.5,3250.01749577
2020-09-21,10921.53,10996.98,10286.56,10411.29,9948.02125053
2020-09-22,10418.83,10573.05,10353.39,10534.31,4800.59855196
2020-09-23,10525.72,10541.39,10138.3,10233.42,5711.36066207
2020-09-24,10236.86,10795.53,10193.2,10744.02,6703.91881646
2020-09-25,10738.46,10762.65,10553.14,10689.81,6346.72379355
2020-09-26,10694.23,10830.0,10655.29,10729.09,2550.31630347
